[{"color":"#FF2196F3","name":"Facebook Ads"},{"color":"#FFCDDC39","name":"AW Tools1"},{"color":"#FFE91E63","name":"Share Block"},{"color":"#FF2196F3","name":"If Family"},{"color":"#FF00BCD4","name":"Basic Design"},{"color":"#FFC0CA33","name":"Web View"},{"color":"#FF673AB7","name":"Encrypt-Decrypt"},{"color":"#FFC62828","name":"Game Blocks"},{"color":"#FF00ACC1","name":"Text view"},{"color":"#FF03A9F4","name":"Easy Lazy"},{"color":"#FF009688","name":"Drawer"},{"color":"#FF8E24AA","name":"Dialog"},{"color":"#FF1E88E5","name":"Phone Info"},{"color":"#FF689F38","name":"Menu"},{"color":"#FF5E35B1","name":"File 2"},{"color":"#FF03A9F4","name":"Cursor"},{"color":"#FFFF5722","name":"Firebase Auth"},{"color":"#FFFFC107","name":"Progress Dialog"},{"color":"#FF0277BD","name":"Linked Tree Map"},{"color":"#FF78909C","name":"Dynamic Link"},{"color":"#FFF44336","name":"CF Alert Dialog"},{"color":"#FF3F51B5","name":"In App Purchase"},{"color":"#FF795548","name":"One Signal New"},{"color":"#FF009688","name":"StartApp"},{"color":"#FFFF1744","name":"Youtube Player"},{"color":"#FFFFEB3B","name":"Dialog KHUD"},{"color":"#FF3F51B5","name":"Custom Dialog"},{"color":"#FFFF9800","name":"Google Sign"},{"color":"#FFCE93D8","name":"Tap Joy Ads"},{"color":"#FFEF6C00","name":"Mob Fox SDK"},{"color":"#FFF8BBD0","name":"Bottom sheet"},{"color":"#FF673AB7","name":"Blok Floating"},{"color":"#FF42A5F5","name":"Material Ripple"},{"color":"#FF81C784","name":"Bottom Nav"},{"color":"#FF4FC3F7","name":"Text Path"},{"color":"#FFFFB74D","name":"Notification P1"},{"color":"#FF80CBC4","name":"CFA"},{"color":"#FF5E35B1","name":"Google Signin"},{"color":"#FFF06292","name":"WhatsApp Api"},{"color":"#FF5C6BC0","name":"Page Viewer"},{"color":"#FFBBDEFB","name":"Intent"},{"color":"#FF00BCD4","name":"Payment"},{"color":"#FF4527A0","name":"CircleImageView"},{"color":"#FFF9A825","name":"Future Animation"},{"color":"#FF80DEEA","name":"BitLy Shortener"},{"color":"#FF8C9EFF","name":"FancyButton"},{"color":"#FFAB47BC","name":"Neomorphic"},{"color":"#FF783874","name":"Glide Slider"},{"color":"#96379469","name":"ProtectApp"},{"color":"#F0011473","name":"TapTarget"},{"color":"#FF8E24AA","name":"PopupMenu"},{"color":"#FF00BCD4","name":"Slide Banner"},{"color":"#FF2196F3","name":"Admob Ads"},{"color":"#FF2196F3","name":"Unity Ads"},{"color":"#FF2196F3","name":"Lottie"}]